dataset_review_id,review_id,source_pool_id,scenario,base_seed,effective_seed,property_id,property_name,accommodation_type,city,country,latitude,longitude,area_type,reviewer_country,traveler_type,language,language_name,review_date,stay_month,nights,rating,review_title,review_text,topic,sentiment,is_safety_related,safety_category,safety_concern_level,safety_signal,expected_action,labels
STAY_FOCUS-00001,H4H-REV-03306,SRC-03306,stay_focus,20260522,431370981,PROP-0507,Terrace Rooms,mid_range_hotel,Amsterdam,Netherlands,52.405122,4.937307,central,Mexico,couple,pt,Portuguese,2024-04-15,2024-02,2,4.9,Nao era o esperado,"O ruido do corredor e da rua dificultou dormir nesta estadia de conferencia em Terrace Rooms. Nao afetou minha seguranca pessoal, mas deixou a estadia menos confortavel, o que marcou minha impressao de Terrace Rooms. Encontrar Terrace Rooms foi simples quando cheguei depois de um trem atrasado. Deu para administrar por uma estadia curta, mas pelo mesmo preco eu nao escolheria de novo durante meus 2 noites em Amsterdam.",noise,negative,false,,none,,,non_safety|noise|negative
STAY_FOCUS-00002,H4H-REV-01271,SRC-01271,stay_focus,20260522,431370981,PROP-0347,Meridian Suites Milan,budget_guesthouse,Milan,Italy,45.449892,9.138110,central,Italy,friends,en,English,2024-11-29,2024-10,2,4.2,Comfortable visit,The booking at Meridian Suites Milan fit 2 nights in Milan without much friction at Meridian Suites Milan. It was the kind of place I would use again for a short visit for a trip with friends in Milan. My main plan was to use Meridian Suites Milan between activities in Milan.,comfort,positive,false,,none,,,non_safety|comfort|positive
STAY_FOCUS-00003,H4H-REV-06631,SRC-06631,stay_focus,20260522,431370981,PROP-0312,Orchid Rooms,mid_range_hotel,New York,United States,40.754871,-74.052366,residential,Netherlands,friends,de,German,2025-01-29,2024-12,8,2.2,Enttauschender Aufenthalt,"Das WLAN brach wahrend des Aufenthalts oft ab, was meinen Eindruck vom Orchid Rooms pragte. Meine personliche Sicherheit war nicht betroffen, aber der Aufenthalt wurde weniger angenehm auf dieser Arbeitsreise im Orchid Rooms. Nach Anzeige und Bewertung hatte ich einen reibungsloseren Aufenthalt erwartet auf dieser Arbeitsreise im Orchid Rooms. Mein Plan war, Orchid Rooms zwischen Terminen in New York zu nutzen.",wifi,negative,false,,none,,,non_safety|wifi|negative
STAY_FOCUS-00004,H4H-REV-04126,SRC-04126,stay_focus,20260522,431370981,PROP-0112,Sol Suites Lisbon,luxury_hotel,Lisbon,Portugal,38.764168,-9.147959,central,Japan,solo_female,en,English,2025-05-05,2025-02,5,3.2,Worked well for the trip,"I mainly needed a reliable place in Lisbon, and the Wi-Fi was reliable for calls and planning at Sol Suites Lisbon. I stayed at Sol Suites Lisbon for 5 nights and arrived after a delayed train. It was the kind of place I would use again for a short visit during my 5 nights booking at Sol Suites Lisbon.",wifi,positive,false,,none,,,non_safety|wifi|positive
STAY_FOCUS-00005,H4H-REV-06322,SRC-06322,stay_focus,20260522,431370981,PROP-0535,Riverside Lofts,budget_guesthouse,Dubai,United Arab Emirates,25.225048,55.220565,suburban,Australia,business,es,Spanish,2025-09-02,2025-08,2,2.7,Sin apoyo cuando me senti insegura,"Cuando escribi diciendo que me sentia insegura fuera del alojamiento, el anfitrion lo minimizo y no ofrecio ayuda practica, algo que cambio como use Riverside Lofts. La situacion habria sido mejor con limites mas claros y otra opcion de contacto, y lo note mas durante 2 noches en Dubai. Reserve Riverside Lofts para un viaje de trabajo y me quede 2 noches. Lo comparto porque puede importar mucho a quienes viajan solas, y lo note mas durante 2 noches en Dubai. The host entered without knocking and I felt physically threatened. I could hear everything through the thin walls and the door didn't lock properly.",safety_host,negative,true,stay,high,thin_walls_bad_lock,review_property_safety_features,safety|stay|high|thin_walls_bad_lock
STAY_FOCUS-00006,H4H-REV-00877,SRC-00877,stay_focus,20260522,431370981,PROP-0556,Vista House,hostel,Seoul,South Korea,37.562926,127.011719,central,Brazil,family,en,English,2025-10-14,2025-08,2,2.7,Not as expected,"My main plan was to use Vista House between activities in Seoul. Vista House did not match what I expected in Seoul; the location was farther from transport than advertised during my 2 nights booking at Vista House. I could manage it for a short stay, but I would not choose it again at the same price at Vista House.",location_positive,negative,false,,none,,,non_safety|location_positive|negative
STAY_FOCUS-00007,H4H-REV-09183,SRC-09183,stay_focus,20260522,431370981,PROP-0546,Terrace Stay Copenhagen,boutique_hotel,Copenhagen,Denmark,55.679331,12.544254,transit_hub,United Kingdom,solo,fr,French,2025-01-29,2025-01,1,4.7,Confortable pour le voyage,"Je cherchais surtout un lieu fiable a Copenhagen, et le petit dejeuner offrait assez d'options fraiches pendant ce sejour de week-end a Terrace Stay Copenhagen. C'etait un sejour de week-end, avec 1 nuit reservees a Terrace Stay Copenhagen. Les photos correspondaient assez bien a ce que j'ai trouve en arrivant pendant mes 1 nuit a Copenhagen.",breakfast,positive,false,,none,,,non_safety|breakfast|positive
STAY_FOCUS-00008,H4H-REV-07244,SRC-07244,stay_focus,20260522,431370981,PROP-0368,Luma Residences,luxury_hotel,Bogotá,Colombia,4.669486,-74.096456,waterfront,Germany,solo_female,es,Spanish,2024-09-29,2024-07,5,1.5,Podria mejorar,"Podria pasar por alto detalles pequenos, pero el check-in fue confuso y mal coordinado, asi que sali decepcionada, algo que marco mi impresion de Luma Residences. Esperaba una estancia mas fluida segun el anuncio y la puntuacion, algo que marco mi impresion de Luma Residences. Hice el check-in cerca de la hora de check-in y me quede 5 noches en Luma Residences.",check_in,negative,false,,none,,,non_safety|check_in|negative
STAY_FOCUS-00009,H4H-REV-08356,SRC-08356,stay_focus,20260522,431370981,PROP-0069,Meridian Stay Rio de Janeiro,hostel,Rio de Janeiro,Brazil,-22.917400,-43.127353,nightlife_district,Mexico,solo,pt,Portuguese,2026-01-09,2025-11,3,2.8,Estadia decepcionante,A ideia era usar Meridian Stay Rio de Janeiro entre compromissos em Rio de Janeiro. Meridian Stay Rio de Janeiro nao correspondeu ao que eu esperava em Rio de Janeiro; o cafe da manha era limitado e acabava cedo em Meridian Stay Rio de Janeiro. O problema apareceu mais de uma vez e afetou a impressao geral para uma viagem solo em Rio de Janeiro.,breakfast,negative,false,,none,,,non_safety|breakfast|negative
STAY_FOCUS-00010,H4H-REV-01830,SRC-01830,stay_focus,20260522,431370981,PROP-0233,Urban Suites Milan,hostel,Milan,Italy,45.424546,9.231870,nightlife_district,Argentina,couple,ar,Arabic,2025-06-23,2025-04,6,2.5,Noisy and exposed at night,سجلت الوصول بعد الظهر وبقيت 6 ليال في Urban Suites Milan. لم يكن قفل الباب يعمل جيدا واضطررت الى دفع الاثاث امام الباب ليلا بينما كنت اقيم في Urban Suites Milan. يجب اصلاح ذلك قبل اقامة اي شخص اخر، وكان مهما في اقامة بسبب عطلة نهاية الاسبوع في Urban Suites Milan. قد تكون الغرفة مناسبة، لكن تفاصيل السلامة الاساسية تحتاج الى اهتمام، ولاحظت ذلك اكثر لانني بقيت 6 ليال في Milan. قد يركز ضيوف اخرون على الغرفة فقط، لكن هذا غير شعوري بالراحة خلال اقامتي لمدة 6 ليال في Milan. The host knocked late at night and kept messaging after I stopped replying. Drunk strangers gathered by the hostel entrance and the noise lasted until 3am.,safety_stay,negative,true,location,high,drunk_strangers_noise_until_3am,review_location_context,safety|location|high|drunk_strangers_noise_until_3am
STAY_FOCUS-00011,H4H-REV-00404,SRC-00404,stay_focus,20260522,431370981,PROP-0554,Vista Lofts,boutique_hotel,Lisbon,Portugal,38.767055,-9.150724,transit_hub,Spain,solo_female,fr,French,2025-08-17,2025-06,8,3.1,Pourrait etre mieux,"Vista Lofts ne correspondait pas a ce que j'attendais a Lisbon; l'emplacement etait plus loin des transports qu'annonce, ce qui a marque mon impression de Vista Lofts. Trouver Vista Lofts a ete simple a mon arrivee dans l'apres-midi.",location_positive,negative,false,,none,,,non_safety|location_positive|negative
STAY_FOCUS-00012,H4H-REV-00240,SRC-00240,stay_focus,20260522,431370981,PROP-0434,Cobalt Lofts,budget_guesthouse,Prague,Czechia,50.092143,14.400718,old_town,Mexico,couple,en,English,2025-03-07,2025-02,1,4.4,Good stay,The booking at Cobalt Lofts fit 1 night in Prague without much friction at Cobalt Lofts. My main plan was to use Cobalt Lofts between activities in Prague. Small things like clear instructions and a tidy room made the stay easy on this city break stay at Cobalt Lofts.,comfort,positive,false,,none,,,non_safety|comfort|positive
STAY_FOCUS-00013,H4H-REV-08895,SRC-08895,stay_focus,20260522,431370981,PROP-0331,Juniper House,boutique_hotel,Bogotá,Colombia,4.752573,-74.020926,waterfront,Canada,solo_female,en,English,2024-12-12,2024-11,8,1.5,Good stay,Juniper House worked well for a woman travelling alone; the location was convenient for transit and restaurants while I was in Bogotá for 8 nights. I checked in late in the evening and stayed at Juniper House for 8 nights.,location_positive,positive,false,,none,,,non_safety|location_positive|positive
STAY_FOCUS-00014,H4H-REV-04459,SRC-04459,stay_focus,20260522,431370981,PROP-0336,Canal Lofts Cairo,hostel,Cairo,Egypt,30.053738,31.239709,nightlife_district,Canada,solo,nl,Dutch,2025-08-13,2025-07,5,4.3,Worked well enough,"Ik boekte Canal Lofts Cairo voor een soloreis en bleef 5 nachten. Het raam op de begane grond sloot niet goed en keek uit op een openbaar pad bij Canal Lofts Cairo. Vooral 's avonds voelde ik me zichtbaar in de kamer, waardoor ik Canal Lofts Cairo anders gebruikte. Andere gasten letten misschien vooral op de kamer, maar dit veranderde mijn comfort terwijl ik bij Canal Lofts Cairo verbleef. The stay was manageable, but I would not recommend it for solo travelers.",safety_stay,positive,true,stay,medium,not_recommended_for_solo_travelers,review_property_safety_features,safety|stay|medium|not_recommended_for_solo_travelers
STAY_FOCUS-00015,H4H-REV-06659,SRC-06659,stay_focus,20260522,431370981,PROP-0026,Nomad Lofts Copenhagen,boutique_hotel,Copenhagen,Denmark,55.660357,12.575740,nightlife_district,Australia,couple,pt,Portuguese,2025-07-20,2025-05,1,4.7,Nao era o esperado,"A maior parte dos planos era fora em Copenhagen, entao Nomad Lofts Copenhagen serviu mais para descansar. Eu poderia ignorar detalhes pequenos, mas o Wi-Fi caia varias vezes durante a estadia, entao sai decepcionada em Nomad Lofts Copenhagen.",wifi,negative,false,,none,,,non_safety|wifi|negative
STAY_FOCUS-00016,H4H-REV-06595,SRC-06595,stay_focus,20260522,431370981,PROP-0093,Aster Rooms Cairo,hostel,Cairo,Egypt,30.017892,31.250154,nightlife_district,Netherlands,solo_female,en,English,2025-03-28,2025-03,1,4.1,Worked well enough,"Most of my plans were outside in Cairo, so Aster Rooms Cairo was mainly a place to reset. The door lock did not work properly and I had to push furniture against the door at night, which mattered for this work stay at Aster Rooms Cairo. This should be fixed before anyone else stays there as a woman travelling alone at Aster Rooms Cairo. The room itself could be fine, but the basic safety details need attention at Aster Rooms Cairo. The property should fix this before relying on high guest ratings at Aster Rooms Cairo. The stay was manageable, but I would not recommend it for solo travelers.",safety_stay,positive,true,stay,medium,not_recommended_for_solo_travelers,review_property_safety_features,safety|stay|medium|not_recommended_for_solo_travelers
STAY_FOCUS-00017,H4H-REV-03555,SRC-03555,stay_focus,20260522,431370981,PROP-0638,Station Rooms,mid_range_hotel,Barcelona,Spain,41.379428,2.143655,waterfront,Japan,couple,de,German,2024-12-06,2024-12,4,3.2,Gut fur kurze Zeit,"Station Rooms diente als Basis in Barcelona; das WLAN funktionierte, wurde abends aber langsamer, trotzdem wurde ich Optionen vergleichen, was meinen Eindruck vom Station Rooms pragte. Die Anzeige war im Grossen und Ganzen korrekt, einige Details wirkten vor Ort anders, was meinen Eindruck vom Station Rooms pragte. Ich kam am Nachmittag an und blieb 4 Nachte im Station Rooms.",wifi,neutral,false,,none,,,non_safety|wifi|neutral
STAY_FOCUS-00018,H4H-REV-08565,SRC-08565,stay_focus,20260522,431370981,PROP-0048,Lantern Stay Jakarta,budget_guesthouse,Jakarta,Indonesia,-6.169631,106.846098,central,India,business,en,English,2025-08-21,2025-07,8,3.7,Comfortable visit,"The booking at Lantern Stay Jakarta fit 8 nights in Jakarta without much friction at Lantern Stay Jakarta. This was a conference stay, with 8 nights booked at Lantern Stay Jakarta. The photos were close to what I found on arrival for a work trip in Jakarta.",check_in,positive,false,,none,,,non_safety|check_in|positive
STAY_FOCUS-00019,H4H-REV-08584,SRC-08584,stay_focus,20260522,431370981,PROP-0469,Cedar Inn,hostel,Bogotá,Colombia,4.737742,-74.029035,nightlife_district,Belgium,family,it,Italian,2026-04-15,2026-03,9,4.7,Soggiorno deludente,"Cedar Inn non corrispondeva alle mie aspettative a Bogotá; il bagno aveva bisogno di una pulizia piu profonda in questo soggiorno per conferenza a Cedar Inn. L'idea era usare Cedar Inn tra un impegno e l'altro a Bogotá. Il problema si e presentato piu di una volta e ha influito sull'impressione generale, cosa che ha influenzato la mia impressione di Cedar Inn.",cleanliness,negative,false,,none,,,non_safety|cleanliness|negative
STAY_FOCUS-00020,H4H-REV-06321,SRC-06321,stay_focus,20260522,431370981,PROP-0357,Aster House Cairo,budget_guesthouse,Cairo,Egypt,30.083091,31.215847,old_town,Portugal,couple,ar,Arabic,2024-12-06,2024-10,3,4.7,Good stay overall,اقمت 3 ليال في Aster House Cairo ووصلت قرب وقت تسجيل الوصول. لم يكن هناك رقم طوارئ واضح او دعم استقبال بعد ساعات العمل بينما كنت اقيم في Aster House Cairo. بالنسبة لمسافر منفرد، جعل ذلك الاقامة اقل امانا، وكان مهما في اقامة بسبب مؤتمر في Aster House Cairo. اكتب ذلك لانه قد يكون مهما جدا للمسافرين وحدهم، ولاحظت ذلك اكثر لانني بقيت 3 ليال في Cairo. I felt watched near the entrance and would not stay alone again.,safety_stay,positive,true,location,medium,felt_watched,review_location_context,safety|location|medium|felt_watched
STAY_FOCUS-00021,H4H-REV-03468,SRC-03468,stay_focus,20260522,431370981,PROP-0063,Luma Residences,boutique_hotel,Copenhagen,Denmark,55.637899,12.620685,central,Argentina,solo_female,es,Spanish,2026-01-20,2025-12,1,4.9,Safe and easy solo stay,"La reserva en Luma Residences, Copenhagen, funciono sin demasiada friccion durante 1 noche en Luma Residences. Mi idea era usar Luma Residences entre planes en Copenhagen. I finally felt safe traveling alone here, even when I came back after dinner.",location_positive,positive,false,,none,finally_felt_safe_traveling_alone,,non_safety|location_positive|positive|positive_solo_outlier
STAY_FOCUS-00022,H4H-REV-05600,SRC-05600,stay_focus,20260522,431370981,PROP-0208,Cobalt Lodge,boutique_hotel,Copenhagen,Denmark,55.711210,12.551616,waterfront,Mexico,solo,nl,Dutch,2026-04-15,2026-03,3,4.7,Kan beter,"Kleine dingen kon ik negeren, maar inchecken was verwarrend en slecht afgestemd, dus ik vertrok teleurgesteld tijdens mijn boeking van 3 nachten bij Cobalt Lodge. De meeste plannen waren buiten in Copenhagen, dus Cobalt Lodge was vooral om bij te komen.",check_in,negative,false,,none,,,non_safety|check_in|negative
STAY_FOCUS-00023,H4H-REV-02518,SRC-02518,stay_focus,20260522,431370981,PROP-0371,Aster House,mid_range_hotel,Milan,Italy,45.430576,9.237773,suburban,Spain,family,nl,Dutch,2026-03-27,2026-03,2,3.6,Over het algemeen oké,"De meeste plannen waren buiten in Milan, dus Aster House was vooral om bij te komen. Aster House werkte als basis in Milan; de schoonmaak was acceptabel maar niet perfect, al zou ik opties in de buurt vergelijken tijdens dit stedentripverblijf bij Aster House.",cleanliness,neutral,false,,none,,,non_safety|cleanliness|neutral
STAY_FOCUS-00024,H4H-REV-05936,SRC-05936,stay_focus,20260522,431370981,PROP-0191,Aster House Amsterdam,hostel,Amsterdam,Netherlands,52.358911,4.877610,nightlife_district,Canada,family,es,Spanish,2025-05-31,2025-04,6,4.8,Correcto en general,"Fue manejable para un viaje familiar, aunque algunos servicios eran basicos pero estaban disponibles mientras estaba 6 noches en Amsterdam. Hice el check-in por la tarde y me quede 6 noches en Aster House Amsterdam. Nada arruino el viaje, pero la experiencia fue mas practica que memorable, algo que marco mi impresion de Aster House Amsterdam.",amenities,neutral,false,,none,,,non_safety|amenities|neutral
STAY_FOCUS-00025,H4H-REV-00460,SRC-00460,stay_focus,20260522,431370981,PROP-0385,Cobalt Lofts,mid_range_hotel,Tokyo,Japan,35.666744,139.638135,central,United States,business,es,Spanish,2024-02-20,2023-12,6,4.7,Experiencia mixta,"Fue manejable para un viaje de trabajo, aunque la habitacion estuvo bien para unas noches, algo que marco mi impresion de Cobalt Lofts. Fue una estancia de conferencia, con 6 noches reservadas en Cobalt Lofts.",comfort,neutral,false,,none,,,non_safety|comfort|neutral
STAY_FOCUS-00026,H4H-REV-04875,SRC-04875,stay_focus,20260522,431370981,PROP-0260,Sol Lodge Tokyo,budget_guesthouse,Tokyo,Japan,35.653892,139.639555,nightlife_district,Mexico,friends,en,English,2024-09-24,2024-08,2,4.7,Fine for a short stay,"Sol Lodge Tokyo was workable for 2 nights, although I would compare options next time while I was in Tokyo for 2 nights. I stayed at Sol Lodge Tokyo for 2 nights and arrived after a delayed train.",service,neutral,false,,none,,,non_safety|service|neutral
STAY_FOCUS-00027,H4H-REV-06348,SRC-06348,high_risk,20260522,431370981,PROP-0008,Cedar Inn Jakarta,budget_guesthouse,Jakarta,Indonesia,-6.208193,106.829772,transit_hub,Japan,couple,en,English,2025-08-24,2025-08,8,4.5,Disappointing stay,"For 8 nights, the mattress and pillows were uncomfortable, and it pulled down the overall stay, which shaped my impression of Cedar Inn Jakarta. I stayed at Cedar Inn Jakarta for 8 nights and arrived in the afternoon.",comfort,negative,false,,none,,,non_safety|comfort|negative
STAY_FOCUS-00028,H4H-REV-04905,SRC-04905,stay_focus,20260522,431370981,PROP-0292,Harbor Suites Bangkok,budget_guesthouse,Bangkok,Thailand,13.741329,100.504223,transit_hub,Portugal,solo_female,nl,Dutch,2025-02-17,2024-12,5,3.4,Teleurstellend verblijf,Harbor Suites Bangkok voldeed in Bangkok niet aan mijn verwachting; de badkamer had grondiger schoongemaakt moeten worden bij Harbor Suites Bangkok. Harbor Suites Bangkok was in de middag eenvoudig te vinden.,cleanliness,negative,false,,none,,,non_safety|cleanliness|negative
STAY_FOCUS-00029,H4H-REV-01042,SRC-01042,stay_focus,20260522,431370981,PROP-0269,Lantern Inn,hostel,Copenhagen,Denmark,55.667319,12.602440,central,Germany,solo_female,en,English,2024-07-08,2024-06,6,4.4,Good stay,"I booked Lantern Inn for a woman travelling alone and stayed 6 nights. For 6 nights in Copenhagen, the amenities matched the listing, and the stay felt straightforward, which shaped my impression of Lantern Inn.",amenities,positive,false,,none,,,non_safety|amenities|positive
STAY_FOCUS-00030,H4H-REV-02738,SRC-02738,stay_focus,20260522,431370981,PROP-0641,Lantern House,luxury_hotel,Copenhagen,Denmark,55.642917,12.515111,waterfront,United States,family,de,German,2025-07-26,2025-07,4,4.5,Enttauschender Aufenthalt,"Das Bad brauchte eine grundlichere Reinigung fur eine Familienreise in Copenhagen. Meine personliche Sicherheit war nicht betroffen, aber der Aufenthalt wurde weniger angenehm wahrend meiner Buchung von 4 Nachte im Lantern House. Lantern House war bei der Ankunft am Nachmittag gut zu finden. Fur einen kurzen Aufenthalt ging es, aber zum gleichen Preis wurde ich es nicht wieder wahlen auf dieser Arbeitsreise im Lantern House.",cleanliness,negative,false,,none,,,non_safety|cleanliness|negative
STAY_FOCUS-00031,H4H-REV-02511,SRC-02511,stay_focus,20260522,431370981,PROP-0340,Sol Lofts,luxury_hotel,Cairo,Egypt,30.055531,31.239489,central,Argentina,business,en,English,2025-11-08,2025-10,8,4.5,Worked well enough,"The host entered the apartment with very little notice while I was inside, which changed how I used Sol Lofts. It made me uncomfortable and I did not feel I had private space as a work trip at Sol Lofts. The situation would have felt better with clearer boundaries and another contact option during my 8 nights stay in Cairo. My main plan was to use Sol Lofts between activities in Cairo. Other guests may focus on the room, but this changed how comfortable I felt during my 8 nights stay in Cairo. The stay was manageable, but I would not recommend it for solo travelers.",safety_host,positive,true,stay,medium,not_recommended_for_solo_travelers,review_property_safety_features,safety|stay|medium|not_recommended_for_solo_travelers
STAY_FOCUS-00032,H4H-REV-06797,SRC-06797,stay_focus,20260522,431370981,PROP-0179,Juniper House,boutique_hotel,Prague,Czechia,50.037654,14.432771,residential,Argentina,business,en,English,2024-11-06,2024-09,1,1.9,Disappointing stay,"I could overlook small things, but noise from the hallway and street made it hard to sleep, so I left disappointed at Juniper House. I booked Juniper House for a work trip and stayed 1 night.",noise,negative,false,,none,,,non_safety|noise|negative
STAY_FOCUS-00033,H4H-REV-01809,SRC-01809,stay_focus,20260522,431370981,PROP-0641,Lantern House,luxury_hotel,Copenhagen,Denmark,55.642917,12.515111,waterfront,Portugal,solo_female,nl,Dutch,2025-10-17,2025-08,2,4.4,Kan beter,"Het matras en de kussens waren oncomfortabel tijdens mijn 2 nachten in Copenhagen. Mijn persoonlijke veiligheid was niet geraakt, maar het verblijf werd minder comfortabel tijdens dit conferentieverblijf bij Lantern House. Op basis van de advertentie en score verwachtte ik een soepeler verblijf tijdens dit conferentieverblijf bij Lantern House. Ik checkte rond de inchecktijd in en bleef 2 nachten bij Lantern House.",comfort,negative,false,,none,,,non_safety|comfort|negative
STAY_FOCUS-00034,H4H-REV-00614,SRC-00614,stay_focus,20260522,431370981,PROP-0135,Station Inn,hostel,Copenhagen,Denmark,55.659169,12.616274,transit_hub,Italy,solo_female,en,English,2026-03-05,2026-02,3,4.9,Finally felt safe alone,"Station Inn worked well for a woman travelling alone; the location was convenient for transit and restaurants while I was in Copenhagen for 3 nights. It was the kind of place I would use again for a short visit while I was in Copenhagen for 3 nights. I stayed at Station Inn for 3 nights and arrived late in the evening. I finally felt safe traveling alone here, even when I came back after dinner.",location_positive,positive,false,,none,finally_felt_safe_traveling_alone,,non_safety|location_positive|positive|positive_solo_outlier
STAY_FOCUS-00035,H4H-REV-04359,SRC-04359,stay_focus,20260522,431370981,PROP-0068,Nomad Residences,budget_guesthouse,Cairo,Egypt,30.018509,31.197746,nightlife_district,Portugal,business,pt,Portuguese,2025-05-27,2025-04,6,3.6,Nao era o esperado,"Por 6 noites: o banheiro precisava de uma limpeza mais profunda, e isso prejudicou a impressao geral, o que marcou minha impressao de Nomad Residences. Deu para administrar por uma estadia curta, mas pelo mesmo preco eu nao escolheria de novo, o que marcou minha impressao de Nomad Residences. A ideia era usar Nomad Residences entre compromissos em Cairo.",cleanliness,negative,false,,none,,,non_safety|cleanliness|negative
STAY_FOCUS-00036,H4H-REV-05088,SRC-05088,stay_focus,20260522,431370981,PROP-0367,Luma Inn Cairo,boutique_hotel,Cairo,Egypt,30.066260,31.227732,central,Argentina,couple,it,Italian,2024-04-01,2024-03,1,4.5,Esperienza mista,"Per 1 notte: alcuni servizi erano essenziali ma presenti, ma il soggiorno e stato piu pratico che memorabile durante i miei 1 notte a Cairo. Le basi c'erano, ma il soggiorno non sembrava particolarmente curato a Luma Inn Cairo. Gran parte del viaggio si svolgeva fuori a Cairo, quindi Luma Inn Cairo serviva soprattutto per riposare.",amenities,neutral,false,,none,,,non_safety|amenities|neutral
STAY_FOCUS-00037,H4H-REV-01627,SRC-01627,stay_focus,20260522,431370981,PROP-0352,Orchid Rooms,mid_range_hotel,Prague,Czechia,50.063571,14.402979,suburban,Canada,solo_female,en,English,2024-06-20,2024-04,9,3.7,Fine for a short stay,"I booked Orchid Rooms for a woman travelling alone and stayed 9 nights. For 9 nights, service was correct but not very warm, but the stay felt more practical than memorable for a woman travelling alone in Prague. The listing was broadly accurate, but a few details felt different in person on this work stay at Orchid Rooms.",service,neutral,false,,none,,,non_safety|service|neutral
STAY_FOCUS-00038,H4H-REV-02015,SRC-02015,stay_focus,20260522,431370981,PROP-0310,Lantern Residences Mexico City,boutique_hotel,Mexico City,Mexico,19.391196,-99.155002,transit_hub,Australia,family,de,German,2025-02-28,2025-02,7,3.7,Nicht wie erwartet,"Fur 7 Nachte: die Lage war weiter vom Verkehr entfernt als angegeben, und das druckte den Gesamteindruck auf dieser Stadtreise im Lantern Residences Mexico City. Es war eine Stadtreise mit 7 Nachte in Mexico City. Nach Anzeige und Bewertung hatte ich einen reibungsloseren Aufenthalt erwartet auf dieser Stadtreise im Lantern Residences Mexico City.",location_positive,negative,false,,none,,,non_safety|location_positive|negative
STAY_FOCUS-00039,H4H-REV-05957,SRC-05957,stay_focus,20260522,431370981,PROP-0627,Orchid Inn,hostel,Jakarta,Indonesia,-6.214187,106.792736,old_town,Netherlands,friends,es,Spanish,2026-04-10,2026-02,5,4.1,No era lo esperado,Orchid Inn no cumplio lo que esperaba en Jakarta; el check-in fue confuso y mal coordinado en esta estancia de trabajo en Orchid Inn. Me quede 5 noches en Orchid Inn y llegue tarde por la noche.,check_in,negative,false,,none,,,non_safety|check_in|negative
STAY_FOCUS-00040,H4H-REV-08640,SRC-08640,stay_focus,20260522,431370981,PROP-0430,Terrace Suites,mid_range_hotel,Bogotá,Colombia,4.684779,-74.018289,old_town,Mexico,business,fr,French,2025-08-13,2025-06,8,4.1,Mostly fine with one note,"Je suis restee 8 nuits a Terrace Suites et je suis arrivee tard le soir. Je ne me suis pas sentie en securite en rentrant a Terrace Suites le soir, et je l'ai davantage remarque pendant ces 8 nuits a Bogotá. Le trajet depuis les transports etait mal eclaire et des personnes restaient pres de l'entree, ce qui a change ma facon d'utiliser Terrace Suites. L'etablissement devrait corriger cela avant de s'appuyer sur de bonnes notes a Terrace Suites. I felt watched near the entrance and would not stay alone again.",safety_location,positive,true,location,medium,felt_watched,review_location_context,safety|location|medium|felt_watched
STAY_FOCUS-00041,H4H-REV-07890,SRC-07890,stay_focus,20260522,431370981,PROP-0372,Vista House,hostel,Bangkok,Thailand,13.796661,100.453883,nightlife_district,United States,solo_female,en,English,2024-06-30,2024-05,4,3.2,Good stay,"Vista House worked well for a woman travelling alone; breakfast had enough fresh options while I was in Bangkok for 4 nights. Most of my plans were outside in Bangkok, so Vista House was mainly a place to reset. The photos were close to what I found on arrival at Vista House.",breakfast,positive,false,,none,,,non_safety|breakfast|positive
STAY_FOCUS-00042,H4H-REV-00673,SRC-00673,stay_focus,20260522,431370981,PROP-0135,Station Inn,hostel,Copenhagen,Denmark,55.659169,12.616274,transit_hub,Japan,solo_female,es,Spanish,2024-01-26,2024-01,6,4.2,Podria mejorar,"Station Inn no cumplio lo que esperaba en Copenhagen; la habitacion parecia cara para lo que ofrecian en esta estancia de trabajo en Station Inn. Mi idea era usar Station Inn entre planes en Copenhagen. El problema aparecio mas de una vez y afecto la impresion general, algo que marco mi impresion de Station Inn.",value,negative,false,,none,,,non_safety|value|negative
STAY_FOCUS-00043,H4H-REV-08732,SRC-08732,stay_focus,20260522,431370981,PROP-0045,Vista Rooms Tokyo,mid_range_hotel,Tokyo,Japan,35.652890,139.701006,nightlife_district,United States,solo,nl,Dutch,2024-11-27,2024-10,5,4.7,Teleurstellend verblijf,"De locatie was verder van vervoer dan geadverteerd tijdens mijn 5 nachten in Tokyo. Mijn persoonlijke veiligheid was niet geraakt, maar het verblijf werd minder comfortabel, wat mijn indruk van Vista Rooms Tokyo bepaalde. Op basis van de advertentie en score verwachtte ik een soepeler verblijf, wat mijn indruk van Vista Rooms Tokyo bepaalde. Ik boekte Vista Rooms Tokyo voor een soloreis en bleef 5 nachten.",location_positive,negative,false,,none,,,non_safety|location_positive|negative
STAY_FOCUS-00044,H4H-REV-09333,SRC-09333,stay_focus,20260522,431370981,PROP-0553,Aster Residences,mid_range_hotel,Jakarta,Indonesia,-6.181569,106.796244,nightlife_district,France,business,en,English,2024-03-11,2024-01,9,4.9,Worked well enough,"I booked Aster Residences for a work trip and stayed 9 nights. There were repeated comments from people outside the building entrance, which changed how I used Aster Residences. The room was fine, but the location made me feel exposed every time I came back, and I noticed it more during 9 nights in Jakarta. I would have appreciated clearer information about the immediate area before booking, and I noticed it more during 9 nights in Jakarta. I felt watched near the entrance and would not stay alone again.",safety_location,positive,true,location,medium,felt_watched,review_location_context,safety|location|medium|felt_watched
STAY_FOCUS-00045,H4H-REV-01900,SRC-01900,stay_focus,20260522,431370981,PROP-0129,Cedar Lodge,budget_guesthouse,Cairo,Egypt,30.057782,31.248574,nightlife_district,Italy,solo_female,fr,French,2026-02-22,2026-02,5,1.6,Pratique,"La reservation a Cedar Lodge, Cairo, a fonctionne sans trop de friction pendant 5 nuits pendant ce sejour de conference a Cedar Lodge. Je suis restee 5 nuits a Cedar Lodge et je suis arrivee vers l'heure d'arrivee. Les photos correspondaient assez bien a ce que j'ai trouve en arrivant pendant ma reservation de 5 nuits a Cedar Lodge.",service,positive,false,,none,,,non_safety|service|positive
STAY_FOCUS-00046,H4H-REV-00758,SRC-00758,stay_focus,20260522,431370981,PROP-0325,Orchid Rooms,budget_guesthouse,Tokyo,Japan,35.671470,139.661667,waterfront,Japan,solo,en,English,2026-03-02,2026-01,4,4.6,Not as expected,"I could overlook small things, but the bathroom needed a deeper clean, so I left disappointed at Orchid Rooms. I could manage it for a short stay, but I would not choose it again at the same price during my 4 nights booking at Orchid Rooms. My main plan was to use Orchid Rooms between activities in Tokyo.",cleanliness,negative,false,,none,,,non_safety|cleanliness|negative
STAY_FOCUS-00047,H4H-REV-02649,SRC-02649,stay_focus,20260522,431370981,PROP-0198,Nomad House,boutique_hotel,Copenhagen,Denmark,55.634687,12.529964,waterfront,United Kingdom,couple,fr,French,2025-02-18,2024-12,4,4.5,Bon sejour,"C'etait un sejour de travail, avec 4 nuits reservees a Nomad House. Je cherchais surtout un lieu fiable a Copenhagen, et l'emplacement etait pratique pour les transports et restaurants pendant ma reservation de 4 nuits a Nomad House.",location_positive,positive,false,,none,,,non_safety|location_positive|positive
STAY_FOCUS-00048,H4H-REV-03274,SRC-03274,stay_focus,20260522,431370981,PROP-0165,Meridian Stay Prague,mid_range_hotel,Prague,Czechia,50.063574,14.440993,old_town,Netherlands,couple,en,English,2024-05-25,2024-04,2,1.9,Not as expected,"The mattress and pillows were uncomfortable for a couple trip in Prague. The issue did not affect my personal safety, but it did lower the comfort of the stay at Meridian Stay Prague. This was a short holiday stay, with 2 nights booked at Meridian Stay Prague. The issue came up more than once, so it affected the overall impression for a couple trip in Prague.",comfort,negative,false,,none,,,non_safety|comfort|negative
STAY_FOCUS-00049,H4H-REV-05562,SRC-05562,stay_focus,20260522,431370981,PROP-0153,Sol Lofts,mid_range_hotel,Copenhagen,Denmark,55.672044,12.561583,transit_hub,France,friends,pt,Portuguese,2025-04-06,2025-01,5,4.4,Bom para poucos dias,"Encontrar Sol Lofts foi simples quando cheguei perto do horario de check-in. Para uma viagem com amigos foi administravel, embora o Wi-Fi funcionava, mas ficava lento a noite em Sol Lofts. O anuncio era em geral correto, mas alguns detalhes pareciam diferentes pessoalmente, o que marcou minha impressao de Sol Lofts.",wifi,neutral,false,,none,,,non_safety|wifi|neutral
STAY_FOCUS-00050,H4H-REV-05841,SRC-05841,stay_focus,20260522,431370981,PROP-0358,Aster Inn,mid_range_hotel,Barcelona,Spain,41.410028,2.127567,nightlife_district,United States,solo,nl,Dutch,2024-10-05,2024-08,4,4.7,Goed verblijf,"Aster Inn was rond de inchecktijd eenvoudig te vinden. Aster Inn werkte goed voor een soloreis; de wifi was betrouwbaar voor bellen en plannen tijdens mijn 4 nachten in Barcelona. Kleine dingen zoals duidelijke instructies en een nette kamer maakten het verblijf makkelijk, wat mijn indruk van Aster Inn bepaalde.",wifi,positive,false,,none,,,non_safety|wifi|positive
STAY_FOCUS-00051,H4H-REV-08081,SRC-08081,stay_focus,20260522,431370981,PROP-0166,Luma Inn,luxury_hotel,Bangkok,Thailand,13.787263,100.475311,transit_hub,Argentina,solo,ar,Arabic,2026-02-07,2025-12,1,4.0,كان مناسبا,كانت تجربة Luma Inn في Bangkok سلسة لمدة ليلة واحدة في Luma Inn. هذا نوع المكان الذي قد استخدمه مرة اخرى لزيارة قصيرة خلال ليلة واحدة في Bangkok. حجزت Luma Inn من اجل رحلة منفردة وبقيت ليلة واحدة.,location_positive,positive,false,,none,,,non_safety|location_positive|positive
STAY_FOCUS-00052,H4H-REV-07661,SRC-07661,stay_focus,20260522,431370981,PROP-0507,Terrace Rooms,mid_range_hotel,Amsterdam,Netherlands,52.405122,4.937307,central,United Kingdom,couple,de,German,2024-08-08,2024-06,2,4.5,Enttauschender Aufenthalt,"Mein Plan war, Terrace Rooms zwischen Terminen in Amsterdam zu nutzen. Kleine Dinge konnte ich ubersehen, aber das WLAN brach wahrend des Aufenthalts oft ab, daher reiste ich enttauscht ab fur eine Reise als Paar in Amsterdam. Das Problem trat mehr als einmal auf und beeinflusste den Gesamteindruck auf dieser Wochenendreise im Terrace Rooms.",wifi,negative,false,,none,,,non_safety|wifi|negative
STAY_FOCUS-00053,H4H-REV-07615,SRC-07615,stay_focus,20260522,431370981,PROP-0057,Vista Suites,hostel,Cairo,Egypt,30.083462,31.189475,transit_hub,Portugal,couple,fr,French,2024-05-30,2024-05,2,4.0,Sejour decevant,"Vista Suites ne correspondait pas a ce que j'attendais a Cairo; la chambre semblait trop chere pour ce qui etait fourni, ce qui a marque mon impression de Vista Suites. Le probleme est revenu plus d'une fois et a pese sur l'impression generale pendant ce sejour de week-end a Vista Suites. Je suis restee 2 nuits a Vista Suites et je suis arrivee apres un train retarde.",value,negative,false,,none,,,non_safety|value|negative
STAY_FOCUS-00054,H4H-REV-06238,SRC-06238,stay_focus,20260522,431370981,PROP-0148,Nomad Stay Jakarta,boutique_hotel,Jakarta,Indonesia,-6.241109,106.827163,residential,India,couple,en,English,2025-11-23,2025-11,8,4.2,Mostly fine with one note,"Finding Nomad Stay Jakarta was straightforward when I arrived around check-in time. When I messaged about feeling unsafe outside the property, the host dismissed it and did not offer practical help or another check-in option, which changed how I used Nomad Stay Jakarta. Other guests may focus on the room, but this changed how comfortable I felt, and I noticed it more during 8 nights in Jakarta. It is hard to explain but I felt uneasy coming back alone.",safety_host,positive,true,location,medium,uneasy_returning_alone,review_location_context,safety|location|medium|uneasy_returning_alone
STAY_FOCUS-00055,H4H-REV-07088,SRC-07088,stay_focus,20260522,431370981,PROP-0528,Cobalt Inn,mid_range_hotel,Milan,Italy,45.464883,9.200766,residential,India,business,ar,Arabic,2026-04-24,2026-02,7,2.4,اقامة مخيبة,لم يطابق Cobalt Inn ما توقعته في Milan خلال حجزي لمدة 7 ليال في Cobalt Inn. كان الفراش والوسائد غير مريحة، وهذا اثر على انطباعي عن Cobalt Inn. ظهر هذا الامر اكثر من مرة واثر على الانطباع العام خلال اقامة بسبب زيارة مدينة في Cobalt Inn. سجلت الوصول قرب وقت تسجيل الوصول وبقيت 7 ليال في Cobalt Inn.,comfort,negative,false,,none,,,non_safety|comfort|negative
STAY_FOCUS-00056,H4H-REV-08482,SRC-08482,stay_focus,20260522,431370981,PROP-0385,Cobalt Lofts,mid_range_hotel,Tokyo,Japan,35.666744,139.638135,central,Japan,solo_female,nl,Dutch,2025-12-15,2025-11,8,4.8,Over het algemeen oké,"Cobalt Lofts werkte als basis in Tokyo; het ontbijt was eenvoudig maar bruikbaar, al zou ik opties in de buurt vergelijken voor een vrouw die alleen reist in Tokyo. Mijn plan was Cobalt Lofts tussen afspraken in Tokyo te gebruiken. Niets verpestte de reis, maar de ervaring was praktischer dan memorabel tijdens mijn boeking van 8 nachten bij Cobalt Lofts.",breakfast,neutral,false,,none,,,non_safety|breakfast|neutral
STAY_FOCUS-00057,H4H-REV-08847,SRC-08847,stay_focus,20260522,431370981,PROP-0100,Station House Copenhagen,boutique_hotel,Copenhagen,Denmark,55.708419,12.598687,suburban,Canada,solo_female,en,English,2024-09-04,2024-07,1,4.5,Not as expected,"Station House Copenhagen did not match what I expected in Copenhagen; noise from the hallway and street made it hard to sleep during my 1 night booking at Station House Copenhagen. I checked in in the afternoon and stayed at Station House Copenhagen for 1 night. I could manage it for a short stay, but I would not choose it again at the same price, which shaped my impression of Station House Copenhagen.",noise,negative,false,,none,,,non_safety|noise|negative
STAY_FOCUS-00058,H4H-REV-03273,SRC-03273,stay_focus,20260522,431370981,PROP-0403,Cedar Residences,mid_range_hotel,Mexico City,Mexico,19.415495,-99.144834,waterfront,Argentina,solo,en,English,2026-02-05,2026-01,3,3.7,Not as expected,"I checked in after a delayed train and stayed at Cedar Residences for 3 nights. Service was slow when we needed help at Cedar Residences. The issue did not affect my personal safety, but it did lower the comfort of the stay while I was in Mexico City for 3 nights.",service,negative,false,,none,,,non_safety|service|negative
STAY_FOCUS-00059,H4H-REV-04906,SRC-04906,stay_focus,20260522,431370981,PROP-0087,Meridian Rooms Mexico City,hostel,Mexico City,Mexico,19.452655,-99.093722,nightlife_district,Belgium,solo_female,en,English,2025-01-14,2024-12,6,3.2,Crowded nightlife area,"I stayed at Meridian Rooms Mexico City for 6 nights and arrived after a delayed train. The listing did not explain how isolated the block felt after dark as a woman travelling alone at Meridian Rooms Mexico City. As a woman travelling alone, I avoided returning late because the street felt unsafe, which mattered for this short holiday stay at Meridian Rooms Mexico City. Other guests may focus on the room, but this changed how comfortable I felt while staying at Meridian Rooms Mexico City. There was a man outside my door for long enough that I waited before leaving. Peak season crowds made the nightlife district feel chaotic after midnight.",safety_location,negative,true,location,medium,peak_season_crowds,review_location_context,safety|location|medium|peak_season_crowds
STAY_FOCUS-00060,H4H-REV-03474,SRC-03474,stay_focus,20260522,431370981,PROP-0580,Cedar Lodge,mid_range_hotel,Bangkok,Thailand,13.745825,100.553968,waterfront,Australia,friends,fr,French,2025-06-23,2025-04,5,3.6,Pas comme attendu,"C'etait un sejour de sejour urbain, avec 5 nuits reservees a Cedar Lodge. Le petit dejeuner etait limite et se terminait trop tot pendant mes 5 nuits a Bangkok. Cela n'a pas touche ma securite personnelle, mais le sejour etait moins confortable a Cedar Lodge.",breakfast,negative,false,,none,,,non_safety|breakfast|negative
STAY_FOCUS-00061,H4H-REV-00554,SRC-00554,stay_focus,20260522,431370981,PROP-0635,Harbor Inn Cairo,mid_range_hotel,Cairo,Egypt,30.051528,31.261615,transit_hub,Argentina,family,en,English,2024-06-26,2024-05,6,4.2,Mostly fine with one note,"When I messaged about feeling unsafe outside the property, the host dismissed it and did not offer practical help or another check-in option, which mattered for this work stay at Harbor Inn Cairo. I expected check-in and support to stay professional and predictable, and I noticed it more during 6 nights in Cairo. My main plan was to use Harbor Inn Cairo between activities in Cairo. Other guests may focus on the room, but this changed how comfortable I felt, and I noticed it more during 6 nights in Cairo. It is hard to explain but I felt uneasy coming back alone.",safety_host,positive,true,location,medium,uneasy_returning_alone,review_location_context,safety|location|medium|uneasy_returning_alone
STAY_FOCUS-00062,H4H-REV-01689,SRC-01689,stay_focus,20260522,431370981,PROP-0562,Sol House,hostel,New York,United States,40.742351,-74.023232,central,Brazil,solo_female,fr,French,2025-08-25,2025-06,8,2.9,Pourrait etre mieux,"Sol House ne correspondait pas a ce que j'attendais a New York; la salle de bain avait besoin d'un nettoyage plus profond, ce qui a marque mon impression de Sol House. C'etait un sejour de court sejour, avec 8 nuits reservees a Sol House.",cleanliness,negative,false,,none,,,non_safety|cleanliness|negative
STAY_FOCUS-00063,H4H-REV-08006,SRC-08006,stay_focus,20260522,431370981,PROP-0299,Terrace Residences,mid_range_hotel,Bogotá,Colombia,4.715368,-74.047562,waterfront,Portugal,solo_female,en,English,2025-01-11,2025-01,9,1.9,Good stay,"I mainly needed a reliable place in Bogotá, and the location was convenient for transit and restaurants at Terrace Residences. My main plan was to use Terrace Residences between activities in Bogotá. The photos were close to what I found on arrival at Terrace Residences.",location_positive,positive,false,,none,,,non_safety|location_positive|positive
STAY_FOCUS-00064,H4H-REV-08954,SRC-08954,stay_focus,20260522,431370981,PROP-0320,Sol Suites,mid_range_hotel,Copenhagen,Denmark,55.660404,12.555705,old_town,Brazil,couple,nl,Dutch,2025-10-03,2025-09,5,4.8,Paste goed bij de reis,"Voor 5 nachten in Copenhagen: het ontbijt had genoeg verse opties, en het verblijf bleef eenvoudig tijdens mijn boeking van 5 nachten bij Sol Suites. Ik boekte Sol Suites voor een reis als stel en bleef 5 nachten. Kleine dingen zoals duidelijke instructies en een nette kamer maakten het verblijf makkelijk, wat mijn indruk van Sol Suites bepaalde.",breakfast,positive,false,,none,,,non_safety|breakfast|positive
STAY_FOCUS-00065,H4H-REV-02863,SRC-02863,stay_focus,20260522,431370981,PROP-0105,Meridian Lofts,budget_guesthouse,Amsterdam,Netherlands,52.347256,4.890498,nightlife_district,United States,family,ar,Arabic,2025-08-10,2025-06,1,4.7,تجربة مختلطة,اقمت ليلة واحدة في Meridian Lofts ووصلت قرب وقت تسجيل الوصول. كان الامر مقبولا بالنسبة الى رحلة عائلية، رغم ان كانت القيمة مقبولة لاقامة قصيرة، وهذا اثر على انطباعي عن Meridian Lofts. لم يفسد شيء الرحلة، لكن التجربة كانت عملية اكثر من كونها مميزة بالنسبة الى رحلة عائلية في Amsterdam.,value,neutral,false,,none,,,non_safety|value|neutral
STAY_FOCUS-00066,H4H-REV-05500,SRC-05500,stay_focus,20260522,431370981,PROP-0037,Vista Suites Cape Town,boutique_hotel,Cape Town,South Africa,-33.948616,18.373025,nightlife_district,Argentina,friends,ar,Arabic,2026-02-26,2026-02,6,2.5,اقامة مخيبة,كانت خطتي استخدام Vista Suites Cape Town بين الانشطة في Cape Town. لم يطابق Vista Suites Cape Town ما توقعته في Cape Town بالنسبة الى رحلة مع اصدقاء في Cape Town. بدت الغرفة غالية مقابل ما تم تقديمه بالنسبة الى رحلة مع اصدقاء في Cape Town.,value,negative,false,,none,,,non_safety|value|negative
STAY_FOCUS-00067,H4H-REV-03875,SRC-03875,stay_focus,20260522,431370981,PROP-0612,Canal Stay Tokyo,budget_guesthouse,Tokyo,Japan,35.671464,139.654117,suburban,Spain,couple,fr,French,2025-08-25,2025-07,5,4.5,Pratique,"Pendant 5 nuits a Tokyo, l'arrivee etait fluide et bien expliquee, et le sejour est reste simple, ce qui a marque mon impression de Canal Stay Tokyo. C'est le type d'endroit que je reprendrais pour une courte visite pendant ma reservation de 5 nuits a Canal Stay Tokyo. Je suis restee 5 nuits a Canal Stay Tokyo et je suis arrivee apres un train retarde.",check_in,positive,false,,none,,,non_safety|check_in|positive
STAY_FOCUS-00068,H4H-REV-08906,SRC-08906,stay_focus,20260522,431370981,PROP-0631,Cedar House Jakarta,mid_range_hotel,Jakarta,Indonesia,-6.247749,106.796175,residential,Brazil,couple,en,English,2025-10-04,2025-08,5,4.2,Not as expected,"Most of my plans were outside in Jakarta, so Cedar House Jakarta was mainly a place to reset. I could overlook small things, but the Wi-Fi kept dropping during the stay, so I left disappointed at Cedar House Jakarta. I expected a smoother stay based on the listing and score for a couple trip in Jakarta.",wifi,negative,false,,none,,,non_safety|wifi|negative
STAY_FOCUS-00069,H4H-REV-05894,SRC-05894,stay_focus,20260522,431370981,PROP-0173,Lantern Suites Barcelona,mid_range_hotel,Barcelona,Spain,41.384277,2.197481,transit_hub,Japan,couple,en,English,2025-03-22,2025-03,8,4.3,Good stay,The booking at Lantern Suites Barcelona fit 8 nights in Barcelona without much friction during my 8 nights booking at Lantern Suites Barcelona. My main plan was to use Lantern Suites Barcelona between activities in Barcelona.,value,positive,false,,none,,,non_safety|value|positive
STAY_FOCUS-00070,H4H-REV-04058,SRC-04058,stay_focus,20260522,431370981,PROP-0058,Canal Inn,hostel,Dubai,United Arab Emirates,25.222252,55.277089,central,United States,friends,es,Spanish,2024-09-13,2024-09,6,2.5,Podria mejorar,"Canal Inn no cumplio lo que esperaba en Dubai; el servicio fue lento cuando necesitabamos ayuda, algo que marco mi impresion de Canal Inn. Esperaba una estancia mas fluida segun el anuncio y la puntuacion para un viaje con amigas en Dubai. Hice el check-in despues de un tren retrasado y me quede 6 noches en Canal Inn.",service,negative,false,,none,,,non_safety|service|negative
STAY_FOCUS-00071,H4H-REV-09371,SRC-09371,stay_focus,20260522,431370981,PROP-0576,Aster House,boutique_hotel,Cairo,Egypt,30.070121,31.217241,transit_hub,Canada,family,de,German,2025-11-22,2025-10,5,4.3,Hat gut gepasst,"Fur 5 Nachte in Cairo: das Fruhstuck hatte genug frische Optionen, und der Aufenthalt blieb unkompliziert, was meinen Eindruck vom Aster House pragte. Die meisten Plane waren draussen in Cairo, Aster House war vor allem zum Ausruhen da.",breakfast,positive,false,,none,,,non_safety|breakfast|positive
STAY_FOCUS-00072,H4H-REV-00902,SRC-00902,stay_focus,20260522,431370981,PROP-0540,Aster Residences,hostel,Jakarta,Indonesia,-6.167629,106.833533,nightlife_district,United States,solo_female,en,English,2024-12-18,2024-11,5,2.0,Okay overall,"For 5 nights, check-in took longer than expected, but the stay felt more practical than memorable on this short holiday stay at Aster Residences. The listing was broadly accurate, but a few details felt different in person at Aster Residences. I stayed at Aster Residences for 5 nights and arrived late in the evening.",check_in,neutral,false,,none,,,non_safety|check_in|neutral
STAY_FOCUS-00073,H4H-REV-08539,SRC-08539,stay_focus,20260522,431370981,PROP-0563,Cobalt Lodge,budget_guesthouse,Cape Town,South Africa,-33.891283,18.439469,old_town,Japan,couple,ar,Arabic,2025-06-26,2025-04,8,5.0,كان مناسبا,سجلت الوصول بعد الظهر وبقيت 8 ليال في Cobalt Lodge. كنت احتاج مكانا موثوقا في Cape Town في Cobalt Lodge. كانت المرافق مطابقة للاعلان خلال اقامة بسبب زيارة مدينة في Cobalt Lodge.,amenities,positive,false,,none,,,non_safety|amenities|positive
STAY_FOCUS-00074,H4H-REV-08409,SRC-08409,stay_focus,20260522,431370981,PROP-0388,Sol Lodge Cairo,mid_range_hotel,Cairo,Egypt,30.054185,31.204584,nightlife_district,Belgium,solo,de,German,2024-03-23,2024-02,2,4.2,Gut fur kurze Zeit,"Ich hatte Sol Lodge Cairo fur eine Soloreise gebucht und blieb 2 Nachte. Fur 2 Nachte: die Lage war praktisch, aber nicht besonders schon, aber der Aufenthalt war eher praktisch als besonders wahrend meiner 2 Nachte in Cairo.",location_positive,neutral,false,,none,,,non_safety|location_positive|neutral
STAY_FOCUS-00075,H4H-REV-08276,SRC-08276,stay_focus,20260522,431370981,PROP-0450,Orchid Rooms,boutique_hotel,Berlin,Germany,52.533069,13.374956,transit_hub,Argentina,couple,en,English,2024-01-26,2023-11,4,4.2,Good stay,"The booking at Orchid Rooms fit 4 nights in Berlin without much friction for a couple trip in Berlin. My main plan was to use Orchid Rooms between activities in Berlin. It was the kind of place I would use again for a short visit, which shaped my impression of Orchid Rooms.",comfort,positive,false,,none,,,non_safety|comfort|positive
STAY_FOCUS-00076,H4H-REV-00180,SRC-00180,stay_focus,20260522,431370981,PROP-0317,Luma Residences Prague,hostel,Prague,Czechia,50.075451,14.422260,suburban,Brazil,solo_female,fr,French,2025-01-30,2024-12,1,4.3,Pratique,"Je cherchais surtout un lieu fiable a Prague, et la chambre etait assez calme pour bien dormir a Luma Residences Prague. Trouver Luma Residences Prague a ete simple a mon arrivee apres un train retarde. Des details comme des instructions claires et une chambre rangee ont facilite le sejour pendant ce sejour de sejour urbain a Luma Residences Prague.",noise,positive,false,,none,,,non_safety|noise|positive
STAY_FOCUS-00077,H4H-REV-00093,SRC-00093,stay_focus,20260522,431370981,PROP-0292,Harbor Suites Bangkok,budget_guesthouse,Bangkok,Thailand,13.741329,100.504223,transit_hub,Portugal,solo_female,ar,Arabic,2026-02-20,2026-01,3,3.4,جيد لاقامة قصيرة,كان Harbor Suites Bangkok مناسبا لمدة 3 ليال، لكنني ساقارن الخيارات في المرة القادمة بالنسبة الى امراة تسافر وحدها في Bangkok. كانت الاساسيات موجودة، لكن الاقامة لم تبدو مصقولة بشكل خاص، وهذا اثر على انطباعي عن Harbor Suites Bangkok. سجلت الوصول بعد قطار متاخر وبقيت 3 ليال في Harbor Suites Bangkok.,service,neutral,false,,none,,,non_safety|service|neutral
STAY_FOCUS-00078,H4H-REV-04761,SRC-04761,stay_focus,20260522,431370981,PROP-0572,Sol Lofts,luxury_hotel,Amsterdam,Netherlands,52.361526,4.893697,old_town,India,couple,de,German,2024-09-04,2024-08,9,4.8,Angenehm fur die Reise,"Fur 9 Nachte in Amsterdam: das Bett war bequem und das Zimmer ruhig, und der Aufenthalt blieb unkompliziert im Sol Lofts. Ich blieb 9 Nachte im Sol Lofts und kam am Nachmittag an. Fur einen kurzen Besuch wurde ich so einen Ort wieder nutzen auf dieser Kurzurlaubsreise im Sol Lofts.",comfort,positive,false,,none,,,non_safety|comfort|positive
STAY_FOCUS-00079,H4H-REV-04638,SRC-04638,stay_focus,20260522,431370981,PROP-0371,Aster House,mid_range_hotel,Milan,Italy,45.430576,9.237773,suburban,Germany,business,ar,Arabic,2024-05-13,2024-03,1,2.7,ليس كما توقعت,اقمت ليلة واحدة في Aster House ووصلت بعد قطار متاخر. لم يطابق Aster House ما توقعته في Milan، وهذا اثر على انطباعي عن Aster House. كان الفراش والوسائد غير مريحة بالنسبة الى رحلة عمل في Milan. بناء على الاعلان والتقييم، توقعت اقامة اكثر سلاسة في Aster House.,comfort,negative,false,,none,,,non_safety|comfort|negative
STAY_FOCUS-00080,H4H-REV-02972,SRC-02972,stay_focus,20260522,431370981,PROP-0622,Vista Lodge Mexico City,budget_guesthouse,Mexico City,Mexico,19.445977,-99.151333,residential,Italy,solo_female,pt,Portuguese,2026-02-06,2026-01,1,3.5,Boa estadia,"Fiz check-in a tarde e fiquei 1 noite em Vista Lodge Mexico City. A reserva em Vista Lodge Mexico City, Mexico City, funcionou sem muita complicacao por 1 noite em Vista Lodge Mexico City. As fotos eram bem parecidas com o que encontrei ao chegar durante minha reserva de 1 noite em Vista Lodge Mexico City.",value,positive,false,,none,,,non_safety|value|positive
STAY_FOCUS-00081,H4H-REV-09783,SRC-09783,stay_focus,20260522,431370981,PROP-0131,Canal Residences,luxury_hotel,Istanbul,Turkiye,41.036050,29.022077,waterfront,Argentina,solo_female,en,English,2025-09-07,2025-08,6,4.9,Comfortable visit,"For 6 nights in Istanbul, the room and bathroom were very clean, and the stay felt straightforward, which shaped my impression of Canal Residences. Finding Canal Residences was straightforward when I arrived late in the evening. It was the kind of place I would use again for a short visit on this conference stay at Canal Residences.",cleanliness,positive,false,,none,,,non_safety|cleanliness|positive
STAY_FOCUS-00082,H4H-REV-04795,SRC-04795,stay_focus,20260522,431370981,PROP-0496,Mosaic Residences,budget_guesthouse,Bogotá,Colombia,4.689711,-74.088603,central,India,couple,en,English,2025-05-13,2025-03,1,4.0,Good stay overall,"My main plan was to use Mosaic Residences between activities in Bogotá. The host entered the apartment with very little notice while I was inside, which changed how I used Mosaic Residences. It made me uncomfortable and I did not feel I had private space as a couple trip at Mosaic Residences. The property should fix this before relying on high guest ratings while staying at Mosaic Residences. The stay was manageable, but I would not recommend it for solo travelers.",safety_host,positive,true,stay,medium,not_recommended_for_solo_travelers,review_property_safety_features,safety|stay|medium|not_recommended_for_solo_travelers
STAY_FOCUS-00083,H4H-REV-08244,SRC-08244,stay_focus,20260522,431370981,PROP-0384,Harbor Rooms Lisbon,budget_guesthouse,Lisbon,Portugal,38.683584,-9.137796,waterfront,Mexico,family,pt,Portuguese,2024-04-27,2024-03,7,4.2,Estadia decepcionante,"Fiz check-in tarde da noite e fiquei 7 noites em Harbor Rooms Lisbon. Eu poderia ignorar detalhes pequenos, mas varias comodidades anunciadas estavam faltando, entao sai decepcionada durante minha reserva de 7 noites em Harbor Rooms Lisbon. O problema apareceu mais de uma vez e afetou a impressao geral, o que marcou minha impressao de Harbor Rooms Lisbon.",amenities,negative,false,,none,,,non_safety|amenities|negative
STAY_FOCUS-00084,H4H-REV-00560,SRC-00560,stay_focus,20260522,431370981,PROP-0315,Lantern Lodge,mid_range_hotel,Jakarta,Indonesia,-6.216095,106.812664,suburban,Japan,solo_female,ar,Arabic,2025-09-30,2025-08,3,2.1,يحتاج الى تحسين,جعل ضجيج الممر والشارع النوم صعبا في Lantern Lodge. لم يؤثر ذلك على سلامتي الشخصية، لكنه جعل الاقامة اقل راحة بالنسبة الى امراة تسافر وحدها في Jakarta. كان ممكنا تحمله لاقامة قصيرة، لكنني لن اختاره مرة اخرى بنفس السعر بالنسبة الى امراة تسافر وحدها في Jakarta. كانت معظم خططي خارج الغرفة في Jakarta، لذلك كان Lantern Lodge اساسا للراحة.,noise,negative,false,,none,,,non_safety|noise|negative
STAY_FOCUS-00085,H4H-REV-05343,SRC-05343,stay_focus,20260522,431370981,PROP-0176,Nomad Stay Bogotá,mid_range_hotel,Bogotá,Colombia,4.675508,-74.029738,nightlife_district,Japan,friends,en,English,2025-05-09,2025-05,7,4.2,Worked well enough,"The door lock did not work properly and I had to push furniture against the door at night as a trip with friends at Nomad Stay Bogotá. This should be fixed before anyone else stays there, which changed how I used Nomad Stay Bogotá. I stayed at Nomad Stay Bogotá for 7 nights and arrived in the afternoon. This is the kind of issue I would want to know about before booking as a trip with friends at Nomad Stay Bogotá. The property should fix this before relying on high guest ratings at Nomad Stay Bogotá. I felt watched near the entrance and would not stay alone again.",safety_stay,positive,true,location,medium,felt_watched,review_location_context,safety|location|medium|felt_watched
STAY_FOCUS-00086,H4H-REV-05695,SRC-05695,stay_focus,20260522,431370981,PROP-0315,Lantern Lodge,mid_range_hotel,Jakarta,Indonesia,-6.216095,106.812664,suburban,Italy,solo_female,en,English,2024-04-08,2024-02,3,1.9,Comfortable visit,I stayed at Lantern Lodge for 3 nights and arrived after a delayed train. Lantern Lodge worked well for a woman travelling alone; the room was quiet enough to sleep well while I was in Jakarta for 3 nights. The photos were close to what I found on arrival on this city break stay at Lantern Lodge.,noise,positive,false,,none,,,non_safety|noise|positive
STAY_FOCUS-00087,H4H-REV-04142,SRC-04142,stay_focus,20260522,431370981,PROP-0379,Vista Rooms Amsterdam,mid_range_hotel,Amsterdam,Netherlands,52.362384,4.867390,suburban,United States,business,nl,Dutch,2026-04-10,2026-04,6,4.8,Gemengde ervaring,"Vista Rooms Amsterdam werkte als basis in Amsterdam; de kamer was prima voor een paar nachten, al zou ik opties in de buurt vergelijken bij Vista Rooms Amsterdam. Ik boekte Vista Rooms Amsterdam voor een werkreis en bleef 6 nachten.",comfort,neutral,false,,none,,,non_safety|comfort|neutral
STAY_FOCUS-00088,H4H-REV-00496,SRC-00496,stay_focus,20260522,431370981,PROP-0576,Aster House,boutique_hotel,Cairo,Egypt,30.070121,31.217241,transit_hub,India,couple,es,Spanish,2024-08-20,2024-07,7,4.3,Comodo para el viaje,"Reserve Aster House para un viaje en pareja y me quede 7 noches. Durante 7 noches en Cairo, el Wi-Fi fue fiable para llamadas y planificar, y la estancia fue sencilla durante mi reserva de 7 noches en Aster House.",wifi,positive,false,,none,,,non_safety|wifi|positive
STAY_FOCUS-00089,H4H-REV-00037,SRC-00037,stay_focus,20260522,431370981,PROP-0497,Meridian Lofts,mid_range_hotel,Paris,France,48.876989,2.339308,suburban,Brazil,couple,de,German,2026-03-03,2025-12,2,3.9,Insgesamt okay,"Meridian Lofts diente als Basis in Paris; der Service war korrekt, aber wenig herzlich, trotzdem wurde ich Optionen vergleichen im Meridian Lofts. Ich blieb 2 Nachte im Meridian Lofts und kam nach einem verspateten Zug an.",service,neutral,false,,none,,,non_safety|service|neutral
STAY_FOCUS-00090,H4H-REV-02488,SRC-02488,stay_focus,20260522,431370981,PROP-0349,Nomad Stay,mid_range_hotel,Prague,Czechia,50.097325,14.484775,old_town,France,solo_female,en,English,2025-09-30,2025-09,4,2.6,Not as expected,"For 4 nights, the Wi-Fi kept dropping during the stay, and it pulled down the overall stay while I was in Prague for 4 nights. Finding Nomad Stay was straightforward when I arrived around check-in time.",wifi,negative,false,,none,,,non_safety|wifi|negative
STAY_FOCUS-00091,H4H-REV-00572,SRC-00572,stay_focus,20260522,431370981,PROP-0149,Mosaic Rooms,hostel,Bogotá,Colombia,4.668757,-74.035804,transit_hub,Canada,couple,fr,French,2025-11-11,2025-11,9,4.0,Worked well enough,"Quand j'ai ecrit que je ne me sentais pas en securite dehors, l'hote a minimise la situation et n'a propose aucune aide pratique pendant mon passage a Mosaic Rooms. La plupart des messages passaient par le chat, mais le ton est devenu trop personnel pour une reservation pendant mon sejour de 9 nuits a Bogotá. Trouver Mosaic Rooms a ete simple a mon arrivee apres un train retarde. L'etablissement devrait corriger cela avant de s'appuyer sur de bonnes notes, un point important pour ce sejour de conference a Mosaic Rooms. The stay was manageable, but I would not recommend it for solo travelers.",safety_host,positive,true,stay,medium,not_recommended_for_solo_travelers,review_property_safety_features,safety|stay|medium|not_recommended_for_solo_travelers
STAY_FOCUS-00092,H4H-REV-06709,SRC-06709,stay_focus,20260522,431370981,PROP-0034,Luma Lodge,mid_range_hotel,Paris,France,48.837195,2.393296,central,United States,friends,nl,Dutch,2025-06-25,2025-05,6,2.1,Kan beter,Mijn plan was Luma Lodge tussen afspraken in Paris te gebruiken. Luma Lodge voldeed in Paris niet aan mijn verwachting; het matras en de kussens waren oncomfortabel tijdens mijn boeking van 6 nachten bij Luma Lodge.,comfort,negative,false,,none,,,non_safety|comfort|negative
STAY_FOCUS-00093,H4H-REV-09541,SRC-09541,stay_focus,20260522,431370981,PROP-0441,Canal Rooms Milan,budget_guesthouse,Milan,Italy,45.436650,9.186972,central,Brazil,solo_female,ar,Arabic,2025-07-08,2025-06,8,4.3,كان مناسبا,كان السعر عادلا بالنسبة للموقع، وهذا اثر على انطباعي عن Canal Rooms Milan. خلال 8 ليال في Milan بقيت التجربة مريحة خلال اقامة بسبب عطلة نهاية الاسبوع في Canal Rooms Milan. تفاصيل صغيرة مثل التعليمات الواضحة والغرفة المرتبة جعلت الاقامة اسهل بالنسبة الى امراة تسافر وحدها في Milan. كانت معظم خططي خارج الغرفة في Milan، لذلك كان Canal Rooms Milan اساسا للراحة.,value,positive,false,,none,,,non_safety|value|positive
STAY_FOCUS-00094,H4H-REV-08543,SRC-08543,stay_focus,20260522,431370981,PROP-0534,Nomad Inn,budget_guesthouse,Mexico City,Mexico,19.396959,-99.079725,residential,Mexico,couple,nl,Dutch,2024-02-28,2024-02,2,4.4,Prima voor kort verblijf,"Nomad Inn was bruikbaar voor 2 nachten, maar ik zou volgende keer vergelijken voor een reis als stel in Mexico City. De advertentie klopte grotendeels, maar sommige details voelden ter plekke anders voor een reis als stel in Mexico City. Ik bleef 2 nachten bij Nomad Inn en kwam laat in de avond aan.",wifi,neutral,false,,none,,,non_safety|wifi|neutral
STAY_FOCUS-00095,H4H-REV-01330,SRC-01330,stay_focus,20260522,431370981,PROP-0522,Canal House,boutique_hotel,Vienna,Austria,48.195086,16.390556,suburban,Argentina,friends,en,English,2024-09-22,2024-08,8,2.6,Could be better,"Canal House did not match what I expected in Vienna; several listed amenities were missing for a trip with friends in Vienna. Most of my plans were outside in Vienna, so Canal House was mainly a place to reset.",amenities,negative,false,,none,,,non_safety|amenities|negative
STAY_FOCUS-00096,H4H-REV-09518,SRC-09518,stay_focus,20260522,431370981,PROP-0466,Riverside Lofts Bangkok,budget_guesthouse,Bangkok,Thailand,13.739449,100.552768,nightlife_district,United Kingdom,couple,en,English,2026-02-23,2025-12,4,3.6,Good stay,"This was a work stay, with 4 nights booked at Riverside Lofts Bangkok. Riverside Lofts Bangkok worked well for a couple trip; breakfast had enough fresh options on this work stay at Riverside Lofts Bangkok. Small things like clear instructions and a tidy room made the stay easy for a couple trip in Bangkok.",breakfast,positive,false,,none,,,non_safety|breakfast|positive
STAY_FOCUS-00097,H4H-REV-05172,SRC-05172,stay_focus,20260522,431370981,PROP-0158,Luma Stay,mid_range_hotel,Bogotá,Colombia,4.737772,-74.043664,waterfront,India,business,en,English,2024-06-25,2024-04,1,4.8,Mostly fine with one note,"Finding Luma Stay was straightforward when I arrived around check-in time. The door lock did not work properly and I had to push furniture against the door at night, and I noticed it more during 1 night in Bogotá. This should be fixed before anyone else stays there, which changed how I used Luma Stay. This is the kind of issue I would want to know about before booking as a work trip at Luma Stay. I am sharing this because it may matter a lot for solo travellers during my 1 night stay in Bogotá. The stay was manageable, but I would not recommend it for solo travelers.",safety_stay,positive,true,stay,medium,not_recommended_for_solo_travelers,review_property_safety_features,safety|stay|medium|not_recommended_for_solo_travelers
STAY_FOCUS-00098,H4H-REV-01666,SRC-01666,stay_focus,20260522,431370981,PROP-0311,Lantern Suites,mid_range_hotel,Barcelona,Spain,41.344536,2.130587,waterfront,India,business,nl,Dutch,2024-01-05,2023-10,5,3.0,Teleurstellend verblijf,"Voor 5 nachten: de service was traag toen we hulp nodig hadden, en dat haalde de algemene indruk omlaag tijdens mijn boeking van 5 nachten bij Lantern Suites. Het was een korte vakantieverblijf met 5 nachten in Barcelona. Voor een kort verblijf lukte het, maar voor dezelfde prijs zou ik het niet opnieuw kiezen tijdens mijn 5 nachten in Barcelona.",service,negative,false,,none,,,non_safety|service|negative
STAY_FOCUS-00099,H4H-REV-07002,SRC-07002,stay_focus,20260522,431370981,PROP-0049,Juniper Lofts,mid_range_hotel,Copenhagen,Denmark,55.658787,12.620228,residential,Australia,couple,ar,Arabic,2024-04-29,2024-04,2,4.3,مريح للرحلة,كانت خطتي استخدام Juniper Lofts بين الانشطة في Copenhagen. كانت تجربة Juniper Lofts في Copenhagen سلسة لمدة 2 ليال خلال اقامة بسبب زيارة مدينة في Juniper Lofts. كانت الصور قريبة مما وجدته عند الوصول بالنسبة الى رحلة لزوجين في Copenhagen.,check_in,positive,false,,none,,,non_safety|check_in|positive
STAY_FOCUS-00100,H4H-REV-04741,SRC-04741,stay_focus,20260522,431370981,PROP-0178,Mosaic Stay Tokyo,hostel,Tokyo,Japan,35.682607,139.621388,nightlife_district,Belgium,solo,en,English,2025-09-03,2025-08,2,4.4,Worked well for the trip,"I booked Mosaic Stay Tokyo for a solo trip and stayed 2 nights. I mainly needed a reliable place in Tokyo, and the location was convenient for transit and restaurants at Mosaic Stay Tokyo. The photos were close to what I found on arrival at Mosaic Stay Tokyo.",location_positive,positive,false,,none,,,non_safety|location_positive|positive
